,oligo,opc,glutamatergic,gabergic,astrocyte,immune,blood,unknown
AQP4,0,0,0,0,1,0,0,0
CD34,0,0,0,0,0,0,1,0
CLDN11,1,0,0,0,0,0,0,0
CNP,1,0,0,0,0,0,0,0
GAD2,0,0,0,1,0,0,0,0
GRIN2A,0,0,1,1,0,0,0,0
LHFPL3,0,1,0,0,0,0,0,0
LHX6,0,0,0,1,0,0,0,0
MAG,1,0,0,0,0,0,0,0
MBP,1,0,0,0,0,0,0,0
MEGF11,0,1,0,0,0,0,0,0
MOG,1,0,0,0,0,0,0,0
NEUROD6,0,0,1,0,0,0,0,0
PCDH15,0,1,0,0,0,0,0,0
PDGFRA,0,1,0,0,0,0,0,0
PLP1,1,0,0,0,0,0,0,0
PTPRC,0,0,0,0,0,1,0,0
RBFOX3,0,0,1,1,0,0,0,0
RFX4,0,0,0,0,1,0,0,0
SATB2,0,0,1,0,0,0,0,0
SLC17A6,0,0,1,0,0,0,0,0
SLC32A1,0,0,0,1,0,0,0,0
ST18,1,0,0,0,0,0,0,0
